First_Name,Surname,Constituency,StanceStephen,Kinnock,Aberavon,RemainGuto,Bebb,Aberconwy,RemainKirsty,Blackman,Aberdeen North,RemainCallum,McCaig,Aberdeen South,RemainNeil,Gray,Airdrie and Shotts,RemainGerald,Howarth,Aldershot,LeaveWendy,Morton,Aldridge-Brownhills,RemainGraham,Brady,Altrincham and Sale West,LeaveMark,Tami,Alyn and Deeside,RemainNigel,Mills,Amber Valley,LeaveMike,Weir,Angus,RemainHywel,Williams,Arfon,RemainBrendan,O'Hara,Argyll and Bute,RemainNick,Herbert,Arundel and South Downs,RemainGloria,De Piero,Ashfield,RemainDamian,Green,Ashford,RemainAngela,Rayner,Ashton under Lyne,RemainDavid,Lidington,Aylesbury,RemainCorri,Wilson,"Ayr, Carrick and Cumnock",RemainVictoria,Prentis,Banbury,RemainEilidh,Whiteford,Banff and Buchan,RemainMargaret,Hodge,Barking,RemainDan,Jarvis,Barnsley Central,RemainMichael,Dugher,Barnsley East,RemainJohn,Woodcock,Barrow and Furness,RemainJohn,Baron,Basildon and Billericay,LeaveMaria,Miller,Basingstoke,RemainJohn,Mann,Bassetlaw,LeaveBen,Howlett,Bath,RemainJo,Cox,Batley and Spen,RemainJane,Ellison,Battersea,RemainDominic,Grieve,Beaconsfield,RemainBob,Stewart,Beckenham,LeaveRichard,Fuller,Bedford,LeaveGavin,Robinson,Belfast East,LeaveNigel,Dodds,Belfast North,LeaveAlasdair,McDonnell,Belfast South,RemainPaul,Maskey,Belfast West,RemainNeil,Coyle,Bermondsey and Old Southwark,RemainAnne-Marie,Trevelyan,Berwick-upon-Tweed,LeaveCalum,Kerr,"Berwickshire, Roxburgh and Selkirk",RemainRushanara,Ali,Bethnal Green and Bow,RemainGraham,Stuart,Beverley and Holderness,RemainHuw,Merriman,Bexhill and Battle,Not DeclaredDavid,Evennett,Bexleyheath and Crayford,RemainFrank,Field,Birkenhead,LeaveGisela,Stuart,"Birmingham, Edgbaston",LeaveJack,Dromey,"Birmingham, Erdington",RemainRoger,Godsiff,"Birmingham, Hall Green",LeaveLiam,Byrne,"Birmingham, Hodge Hill",RemainShabana,Mahmood,"Birmingham, Ladywood",RemainRichard,Burden,"Birmingham, Northfield",RemainKhalid,Mahmood,"Birmingham, Perry Barr",RemainSteve,McCabe,"Birmingham, Selly Oak",RemainJess,Phillips,"Birmingham, Yardley",RemainHelen,Goodman,Bishop Auckland,RemainKate,Hollern,Blackburn,RemainGraham,Stringer,Blackley and Broughton,LeavePaul,Maynard,Blackpool North and Cleveleys,LeaveGordon,Marsden,Blackpool South,RemainNick,Smith,Blaenau Gwent,RemainDavid,Anderson,Blaydon,RemainRonnie,Campbell,Blyth Valley,LeaveNick,Gibb,Bognor Regis and Littlehampton,RemainDennis,Skinner,Bolsover,LeaveDavid,Crausby,Bolton North East,RemainYasmin,Qureshi,Bolton South East,RemainChris,Green,Bolton West,LeavePeter,Dowd,Bootle,RemainMatt,Warman,Boston and Skegness,RemainDavid,Tredinnick,Bosworth,RemainTobias,Ellwood,Bournemouth East,RemainConor,Burns,Bournemouth West,LeavePhillip,Lee,Bracknell,RemainImran,Hussain,Bradford East,RemainJudith,Cummins,Bradford South,RemainNaz,Shah,Bradford West,RemainJames,Cleverly,Braintree,LeaveChris,Davies,Brecon and Radnorshire,LeaveDawn,Butler,Brent Central,RemainBarry,Gardiner,Brent North,RemainRuth,Cadbury,Brentford and Isleworth,RemainEric,Pickles,Brentwood and Ongar,RemainMadeleine,Moon,Bridgend,RemainIan,Liddell-Grainger,Bridgwater and West Somerset,Not DeclaredAndrew,Percy,Brigg and Goole,LeaveSimon,Kirby,Brighton Kemptown,RemainCaroline,Lucas,Brighton Pavilion,RemainKerry,McCarthy,Bristol East,RemainCharlotte,Leslie,Bristol North West,LeaveKarin,Smyth,Bristol South,RemainThangam,Debbonaire,Bristol West,RemainKeith,Simpson,Broadland,RemainRobert,Neill,Bromley and Chislehurst,RemainSajid,Javid,Bromsgrove,RemainCharles,Walker,Broxbourne,LeaveAnna,Soubry,Broxtowe,RemainJohn,Bercow,Buckingham,Not DeclaredJulie,Cooper,Burnley,RemainAndrew,Griffiths,Burton,RemainDavid,Nuttall,Bury North,LeaveIvan,Lewis,Bury South,RemainJo,Churchill,Bury St Edmunds,RemainWayne,David,Caerphilly,RemainPaul,Monaghan,"Caithness, Sutherland and Easter Ross",RemainCraig,Whittaker,Calder Valley,RemainHarriet,Harman,Camberwell and Peckham,RemainGeorge,Eustice,Camborne and Redruth,LeaveDaniel,Zeichner,Cambridge,RemainAmanda,Milling,Cannock Chase,RemainJulian,Brazier,Canterbury,LeaveJo,Stevens,Cardiff Central,RemainCraig,Williams,Cardiff North,RemainStephen,Doughty,Cardiff South and Penarth,RemainKevin,Brennan,Cardiff West,RemainJohn,Stevenson,Carlisle,RemainJonathan,Edwards,Carmarthen East and Dinefwr,RemainSimon,Hart,Carmarthen West and South Pembrokeshire,RemainTom,Brake,Carshalton and Wallington,RemainRebecca,Harris,Castle Point,LeavePhilippa,Whitford,Central Ayrshire,RemainMel,Stride,Central Devon,RemainDaniel,Poulter,Central Suffolk and North Ipswich,RemainMark,Williams,Ceredigion,RemainEdward,Argar,Charnwood,RemainTracey,Crouch,Chatham and Aylesford,Not DeclaredMary,Robinson,Cheadle,RemainSimon,Burns,Chelmsford,RemainGreg,Hands,Chelsea and Fulham,RemainAlex,Chalk,Cheltenham,RemainCheryl,Gillan,Chesham and Amersham,LeaveToby,Perkins,Chesterfield,RemainAndrew,Tyrie,Chichester,RemainIain,Duncan Smith,Chingford and Woodford Green,LeaveMichelle,Donelan,Chippenham,RemainTheresa,Villiers,Chipping Barnet,LeaveLindsay,Hoyle,Chorley,RemainChristopher,Chope,Christchurch,LeaveMark,Field,Cities of London and Westminster,RemainChris,Matheson,City of Chester,RemainRoberta,Blackman-Woods,City of Durham,RemainDouglas,Carswell,Clacton,LeaveMartin,Vickers,Cleethorpes,LeaveSusan Elan,Jones,Clwyd South,RemainDavid,Jones,Clwyd West,LeavePhilip,Boswell,"Coatbridge, Chryston and Bellshill",RemainWill,Quince,Colchester,LeaveJason,McCartney,Colne Valley,LeaveFiona,Bruce,Congleton,LeaveJamie,Reed,Copeland,RemainTom,Pursglove,Corby,LeaveColleen,Fletcher,Coventry North East,RemainGeoffrey,Robinson,Coventry North West,RemainJim,Cunningham,Coventry South,RemainHenry,Smith,Crawley,LeaveEdward,Timpson,Crewe and Nantwich,RemainGavin,Barwell,Croydon Central,RemainSteve,Reed,Croydon North,RemainChris,Philp,Croydon South,RemainStuart C,McDonald,"Cumbernauld, Kilsyth and Kirkintilloch East",RemainAnn,Clwyd,Cynon Valley,RemainJon,Cruddas,Dagenham and Rainham,RemainJenny,Chapman,Darlington,RemainGareth,Johnson,Dartford,LeaveChris,Heaton-Harris,Daventry,LeaveDavid,Hanson,Delyn,RemainAndrew,Gwynne,Denton and Reddish,RemainAmanda,Solloway,Derby North,RemainMargaret,Beckett,Derby South,RemainPatrick,McLoughlin,Derbyshire Dales,RemainClaire,Perry,Devizes,RemainPaula,Sherriff,Dewsbury,RemainCaroline,Flint,Don Valley,RemainRosie,Winterton,Doncaster Central,RemainEd,Miliband,Doncaster North,RemainCharlie,Elphicke,Dover,RemainIan,Austin,Dudley North,RemainMike,Wood,Dudley South,LeaveHelen,Hayes,Dulwich and West Norwood,RemainRichard,Arkless,Dumfries and Galloway,RemainDavid,Mundell,"Dumfriesshire, Clydesdale and Tweeddale",RemainStewart,Hosie,Dundee East,RemainChris,Law,Dundee West,RemainDouglas,Chapman,Dunfermline and West Fife,RemainLiz,Saville Roberts,Dwyfor Meirionnydd,RemainRupa,Huq,Ealing Central and Acton,RemainStephen,Pound,Ealing North,RemainVirendra,Sharma,Ealing Southall,RemainGrahame,Morris,Easington,RemainSammy,Wilson,East Antrim,LeaveHugo,Swire,East Devon,RemainJohn,Nicolson,East Dunbartonshire,RemainStephen,Timms,East Ham,RemainDamian,Hinds,East Hampshire,RemainLisa,Cameron,"East Kilbride, Strathaven and Lesmahagow",RemainGregory,Campbell,East Londonderry,LeaveGeorge,Kerevan,East Lothian,RemainKirsten,Oswald,East Renfrewshire,RemainSam,Gyimah,East Surrey,RemainTim,Loughton,East Worthing and Shoreham,LeaveGreg,Knight,East Yorkshire,LeaveCaroline,Ansell,Eastbourne,LeaveMims,Davies,Eastleigh,LeaveAntoinette,Sandbach,Eddisbury,RemainTommy,Sheppard,Edinburgh East,RemainDeidre,Brock,Edinburgh North and Leith,RemainIan,Murray,Edinburgh South,RemainJoanna,Cherry,Edinburgh South West,RemainMichelle,Thomson,Edinburgh West,RemainKate,Osamor,Edmonton,RemainJustin,Madders,Ellesmere Port and Neston,RemainAlec,Shelbrooke,Elmet and Rothwell,RemainClive,Efford,Eltham,RemainJoan,Ryan,Enfield North,RemainDavid,Burrowes,Enfield Southgate,LeaveEleanor,Laing,Epping Forest,Not DeclaredChris,Grayling,Epsom and Ewell,LeaveMaggie,Throup,Erewash,RemainTeresa,Pearce,Erith and Thamesmead,RemainDominic,Raab,Esher and Walton,LeaveBen,Bradshaw,Exeter,RemainJohn,McNally,Falkirk,RemainSuella,Fernandes,Fareham,LeaveHelen,Whately,Faversham and Mid Kent,RemainSeema,Malhotra,Feltham and Heston,RemainTom,Elliott,Fermanagh and South Tyrone,RemainJack,Lopresti,Filton and Bradley Stoke,LeaveMike,Freer,Finchley and Golders Green,RemainDamian,Collins,Folkestone and Hythe,RemainMark,Harper,Forest of Dean,RemainMark,Durkan,Foyle,RemainMark,Menzies,Fylde,RemainEdward,Leigh,Gainsborough,LeaveMaria,Eagle,Garston and Halewood,RemainIan,Mearns,Gateshead,RemainVernon,Coaker,Gedling,RemainRehman,Chishti,Gillingham and Rainham,LeaveAlison,Thewliss,Glasgow Central,RemainNatalie,McGarry,Glasgow East,RemainPatrick,Grady,Glasgow North,RemainAnne,McLaughlin,Glasgow North East,RemainCarol,Monaghan,Glasgow North West,RemainStewart Malcolm,McDonald,Glasgow South,RemainChris,Stephens,Glasgow South West,RemainPeter,Grant,Glenrothes,RemainRichard,Graham,Gloucester,RemainAlex,Salmond,Gordon,RemainCaroline,Dinenage,Gosport,RemainByron,Davies,Gower,RemainNick,Boles,Grantham and Stamford,RemainAdam,Holloway,Gravesham,LeaveMelanie,Onn,Great Grimsby,RemainBrandon,Lewis,Great Yarmouth,RemainMatthew,Pennycook,Greenwich and Woolwich,RemainAnne,Milton,Guildford,Not DeclaredDiane,Abbott,Hackney North and Stoke Newington,RemainMeg,Hillier,Hackney South and Shoreditch,RemainJames,Morris,Halesowen and Rowley Regis,RemainHolly,Lynch,Halifax,RemainDavid,Davis,Haltemprice and Howden,LeaveDerek,Twigg,Halton,RemainAndy,Slaughter,Hammersmith,RemainTulip,Siddiq,Hampstead and Kilburn,RemainEdward,Garnier,Harborough,RemainRobert,Halfon,Harlow,RemainAndrew,Jones,Harrogate and Knaresborough,RemainBob,Blackman,Harrow East,LeaveGareth,Thomas,Harrow West,RemainIain,Wright,Hartlepool,RemainBernard,Jenkin,Harwich and North Essex,LeaveAmber,Rudd,Hastings and Rye,RemainAlan,Mak,Havant,RemainJohn,McDonnell,Hayes and Harlington,RemainWilliam,Wragg,Hazel Grove,LeaveMike,Penning,Hemel Hempstead,LeaveJon,Trickett,Hemsworth,RemainMatthew,Offord,Hendon,LeaveJohn,Howell,Henley,RemainJesse,Norman,Hereford and South Herefordshire,Not DeclaredMark,Prisk,Hertford and Stortford,RemainOliver,Dowden,Hertsmere,RemainGuy,Opperman,Hexham,RemainLiz,McInnes,Heywood and Middleton,RemainAndrew,Bingham,High Peak,LeavePeter,Lilley,Hitchin and Harpenden,LeaveKeir,Starmer,Holborn and St Pancras,RemainAngela,Watkinson,Hornchurch and Upminster,RemainCatherine,West,Hornsey and Wood Green,RemainJeremy,Quin,Horsham,RemainBridget,Phillipson,Houghton and Sunderland South,RemainPeter,Kyle,Hove,RemainBarry,Sheerman,Huddersfield,RemainJonathan,Djanogly,Huntingdon,RemainGraham,Jones,Hyndburn,RemainWes,Streeting,Ilford North,RemainMike,Gapes,Ilford South,RemainRonnie,Cowan,Inverclyde,RemainDrew,Hendry,"Inverness, Nairn, Badenoch and Strathspey",RemainBen,Gummer,Ipswich,RemainAndrew,Turner,Isle of Wight,LeaveJeremy,Corbyn,Islington North,RemainEmily,Thornberry,Islington South and Finsbury,RemainChris,Evans,Islwyn,RemainStephen,Hepburn,Jarrow,RemainKris,Hopkins,Keighley,RemainJeremy,Wright,Kenilworth and Southam,RemainVictoria,Borwick,Kensington,LeavePhilip,Hollobone,Kettering,LeaveAlan,Brown,Kilmarnock and Loudoun,RemainJames,Berry,Kingston and Surbiton,RemainKarl,Turner,Kingston upon Hull East,RemainDiana,Johnson,Kingston upon Hull North,RemainAlan,Johnson,Kingston upon Hull West and Hessle,RemainChris,Skidmore,Kingswood,RemainRoger,Mullin,Kirkcaldy and Cowdenbeath,RemainGeorge,Howarth,Knowsley,RemainJeffrey,Donaldson,Lagan Valley,LeaveAngela,Crawley,Lanark and Hamilton East,RemainCat,Smith,Lancaster and Fleetwood,RemainHilary,Benn,Leeds Central,RemainRichard,Burgon,Leeds East,RemainFabian,Hamilton,Leeds North East,RemainGreg,Mulholland,Leeds North West,RemainRachel,Reeves,Leeds West,RemainKeith,Vaz,Leicester East,RemainJon,Ashworth,Leicester South,RemainLiz,Kendall,Leicester West,RemainAndy,Burnham,Leigh,RemainMaria,Caulfield,Lewes,LeaveVicky,Foxcroft,Lewisham Deptford,RemainHeidi,Alexander,Lewisham East,RemainJim,Dowd,Lewisham West and Penge,RemainJohn,Cryer,Leyton and Wanstead,LeaveMichael,Fabricant,Lichfield,LeaveKarl,McCartney,Lincoln,LeaveMartyn,Day,Linlithgow and East Falkirk,RemainLouise,Ellman,Liverpool Riverside,RemainSteve,Rotheram,Liverpool Walton,RemainLuciana,Berger,Liverpool Wavertree,RemainStephen,Twigg,Liverpool West Derby,RemainHannah,Bardell,Livingston,RemainNia,Griffith,Llanelli,RemainNicky,Morgan,Loughborough,RemainVictoria,Atkins,Louth and Horncastle,RemainPhilip,Dunne,Ludlow,RemainKelvin,Hopkins,Luton North,LeaveGavin,Shuker,Luton South,RemainDavid,Rutley,Macclesfield,RemainTheresa,May,Maidenhead,RemainHelen,Grant,Maidstone and The Weald,RemainYvonne,Fovargue,Makerfield,RemainJohn,Whittingdale,Maldon,LeaveLucy,Powell,Manchester Central,RemainGerald,Kaufman,Manchester Gorton,RemainJeff,Smith,Manchester Withington,RemainAlan,Meale,Mansfield,RemainGeorge,Hollingbery,Meon Valley,RemainCaroline,Spelman,Meriden,RemainGerald,Jones,Merthyr Tydfil and Rhymney,RemainNadine,Dorries,Mid Bedfordshire,LeavePauline,Latham,Mid Derbyshire,Not DeclaredMichael,Tomlinson,Mid Dorset and North Poole,LeaveGeorge,Freeman,Mid Norfolk,RemainNicholas,Soames,Mid Sussex,RemainFrancie,Molloy,Mid Ulster,RemainNigel,Huddleston,Mid Worcestershire,RemainAndy,McDonald,Middlesbrough,RemainTom,Blenkinsop,Middlesbrough South and East Cleveland,RemainOwen,Thompson,Midlothian,RemainMark,Lancaster,Milton Keynes North,RemainIain,Stewart,Milton Keynes South,LeaveSiobhain,McDonagh,Mitcham and Morden,RemainPaul,Beresford,Mole Valley,RemainDavid,Davies,Monmouth,LeaveGlyn,Davies,Montgomeryshire,LeaveAngus,Robertson,Moray,RemainDavid,Morris,Morecambe and Lunesdale,RemainAndrea,Jenkyns,Morley and Outwood,LeaveMarion,Fellows,Motherwell and Wishaw,RemainAngus,MacNeil,Na h-Eileanan An Iar,RemainChristina,Rees,Neath,RemainJulian,Lewis,New Forest East,LeaveDesmond,Swayne,New Forest West,LeaveRobert,Jenrick,Newark,RemainRichard,Benyon,Newbury,RemainChi,Onwurah,Newcastle upon Tyne Central,RemainNick,Brown,Newcastle upon Tyne East,RemainCatherine,McKinnell,Newcastle upon Tyne North,RemainPaul,Farrelly,Newcastle-under-Lyme,RemainJessica,Morden,Newport East,RemainPaul,Flynn,Newport West,RemainMickey,Brady,Newry and Armagh,RemainAnne Marie,Morris,Newton Abbot,LeaveYvette,Cooper,"Normanton, Pontefract and Castleford",RemainIan,Paisley,North Antrim,LeavePatricia,Gibson,North Ayrshire and Arran,RemainScott,Mann,North Cornwall,LeavePeter,Heaton-Jones,North Devon,RemainSimon,Hoare,North Dorset,RemainSylvia,Hermon,North Down,RemainKevan,Jones,North Durham,RemainAlistair,Burt,North East Bedfordshire,RemainSteve,Barclay,North East Cambridgeshire,LeaveNatascha,Engel,North East Derbyshire,RemainStephen,Gethins,North East Fife,RemainRanil,Jayawardena,North East Hampshire,LeaveOliver,Heald,North East Hertfordshire,RemainJacob,Rees-Mogg,North East Somerset,LeaveBill,Wiggin,North Herefordshire,LeaveNorman,Lamb,North Norfolk,RemainOwen,Paterson,North Shropshire,LeaveLiam,Fox,North Somerset,LeaveJustin,Tomlinson,North Swindon,Not DeclaredRoger,Gale,North Thanet,RemainMary,Glindon,North Tyneside,RemainCraig,Tracey,North Warwickshire,LeaveShailesh,Vara,North West Cambridgeshire,RemainPatricia,Glass,North West Durham,RemainKit,Malthouse,North West Hampshire,LeaveAndrew,Bridgen,North West Leicestershire,LeaveHenry,Bellingham,North West Norfolk,LeaveJames,Gray,North Wiltshire,LeaveMichael,Ellis,Northampton North,RemainDavid,Mackintosh,Northampton South,RemainChloe,Smith,Norwich North,RemainClive,Lewis,Norwich South,RemainChris,Leslie,Nottingham East,RemainGraham,Allen,Nottingham North,RemainLilian,Greenwood,Nottingham South,RemainMarcus,Jones,Nuneaton,RemainTasmina,Ahmed-Sheikh,Ochil and South Perthshire,RemainChris,Elmore,Ogmore,RemainJames,Brokenshire,Old Bexley and Sidcup,RemainDebbie,Abrahams,Oldham East and Saddleworth,RemainJim,McMahon,Oldham West and Royton,RemainAlistair,Carmichael,Orkney and Shetland,RemainJo,Johnson,Orpington,RemainAndrew,Smith,Oxford East,RemainNicola,Blackwood,Oxford West and Abingdon,RemainGavin,Newlands,Paisley and Renfrewshire North,RemainMhairi,Black,Paisley and Renfrewshire South,RemainAndrew,Stephenson,Pendle,LeaveAngela,Smith,Penistone and Stocksbridge,RemainRory,Stewart,Penrith and The Border,RemainPeter,Wishart,Perth and North Perthshire,RemainStewart,Jackson,Peterborough,LeaveJohnny,Mercer,"Plymouth, Moor View",RemainOliver,Colvile,"Plymouth, Sutton and Devonport",RemainOwen,Smith,Pontypridd,RemainRobert,Syms,Poole,LeaveJim,Fitzpatrick,Poplar and Limehouse,RemainPenny,Mordaunt,Portsmouth North,LeaveFlick,Drummond,Portsmouth South,RemainStephen,Crabb,Preseli Pembrokeshire,RemainMark,Hendrick,Preston,RemainStuart,Andrew,Pudsey,LeaveJustine,Greening,Putney,RemainMark,Francois,Rayleigh and Wickford,LeaveRobert,Wilson,Reading East,RemainAlok,Sharma,Reading West,RemainAnna,Turley,Redcar,RemainKaren,Lumley,Redditch,LeaveCrispin,Blunt,Reigate,LeaveChris,Bryant,Rhondda,RemainNigel,Evans,Ribble Valley,LeaveRishi,Sunak,Richmond (Yorkshire),LeaveZac,Goldsmith,Richmond Park,LeaveSimon,Danczuk,Rochdale,RemainKelly,Tolhurst,Rochester and Strood,RemainJames,Duddridge,Rochford and Southend East,LeaveAndrew,Rosindell,Romford,LeaveCaroline,Nokes,Romsey and Southampton North,RemainIan,Blackford,"Ross, Skye and Lochaber",RemainJake,Berry,Rossendale and Darwen,RemainKevin,Barron,Rother Valley,RemainSarah,Champion,Rotherham,RemainMark,Pawsey,Rugby,RemainNick,Hurd,"Ruislip, Northwood and Pinner",RemainPhilip,Hammond,Runnymede and Weybridge,RemainKenneth,Clarke,Rushcliffe,RemainMargaret,Ferrier,Rutherglen and Hamilton West,RemainAlan,Duncan,Rutland and Melton,RemainAlan,Haselhurst,Saffron Walden,RemainRebecca,Long-Bailey,Salford and Eccles,RemainJohn,Glen,Salisbury,RemainRobert,Goodwill,Scarborough and Whitby,RemainNic,Dakin,Scunthorpe,RemainPhil,Wilson,Sedgefield,RemainBill,Esterson,Sefton Central,RemainNigel,Adams,Selby and Ainsty,LeaveMichael,Fallon,Sevenoaks,RemainPaul,Blomfield,Sheffield Central,RemainLouise,Haigh,Sheffield Heeley,RemainClive,Betts,Sheffield South East,RemainGill,Furniss,"Sheffield, Brightside and Hillsborough",RemainNick,Clegg,"Sheffield, Hallam",RemainMark,Spencer,Sherwood,RemainPhilip,Davies,Shipley,LeaveDaniel,Kawczynski,Shrewsbury and Atcham,LeaveGordon,Henderson,Sittingbourne and Sheppey,LeaveJulian,Smith,Skipton and Ripon,RemainStephen,Phillips,Sleaford and North Hykeham,LeaveFiona,Mactaggart,Slough,RemainJulian,Knight,Solihull,RemainDavid,Warburton,Somerton and Frome,LeaveDanny,Kinahan,South Antrim,RemainStephen,Metcalfe,South Basildon and East Thurrock,LeaveHeidi,Allen,South Cambridgeshire,RemainHeather,Wheeler,South Derbyshire,LeaveRichard,Drax,South Dorset,LeaveMargaret,Ritchie,South Down,RemainLucy,Frazer,South East Cambridgeshire,RemainSheryll,Murray,South East Cornwall,LeaveJohn,Hayes,South Holland and The Deepings,LeaveAlberto,Costa,South Leicestershire,RemainRichard,Bacon,South Norfolk,LeaveAndrea,Leadsom,South Northamptonshire,LeaveSeema,Kennedy,South Ribble,RemainEmma,Lewell-Buck,South Shields,RemainGavin,Williamson,South Staffordshire,RemainJames,Cartlidge,South Suffolk,RemainRobert,Buckland,South Swindon,RemainCraig,Mackinlay,South Thanet,LeaveAndrew,Selous,South West Bedfordshire,RemainGary,Streeter,South West Devon,RemainDavid,Gauke,South West Hertfordshire,RemainElizabeth,Truss,South West Norfolk,RemainJeremy,Hunt,South West Surrey,RemainAndrew,Murrison,South West Wiltshire,LeaveRoyston,Smith,Southampton Itchen,LeaveAlan,Whitehead,Southampton Test,RemainDavid,Amess,Southend West,LeaveJohn,Pugh,Southport,RemainKwasi,Kwarteng,Spelthorne,LeaveAnne,Main,St Albans,LeaveSteve,Double,St Austell and Newquay,LeaveConor,McGinn,St Helens North,RemainMarie,Rimmer,St Helens South and Whiston,RemainDerek,Thomas,St Ives,LeaveJeremy,Lefroy,Stafford,RemainKaren,Bradley,Staffordshire Moorlands,RemainJonathan,Reynolds,Stalybridge and Hyde,RemainStephen,McPartland,Stevenage,LeaveSteven,Paterson,Stirling,RemainAnn,Coffey,Stockport,RemainAlex,Cunningham,Stockton North,RemainJames,Wharton,Stockton South,LeaveTristram,Hunt,Stoke-on-Trent Central,RemainRuth,Smeeth,Stoke-on-Trent North,RemainRobert,Flello,Stoke-on-Trent South,RemainWilliam,Cash,Stone,LeaveMargot,James,Stourbridge,RemainJim,Shannon,Strangford,LeaveNadhim,Zahawi,Stratford-on-Avon,LeaveChuka,Umunna,Streatham,RemainKate,Green,Stretford and Urmston,RemainNeil,Carmichael,Stroud,RemainTherese,Coffey,Suffolk Coastal,RemainJulie,Elliott,Sunderland Central,RemainMichael,Gove,Surrey Heath,LeavePaul,Scully,Sutton and Cheam,LeaveAndrew,Mitchell,Sutton Coldfield,RemainCarolyn,Harris,Swansea East,RemainGeraint,Davies,Swansea West,RemainChristopher,Pincher,Tamworth,LeaveGeorge,Osborne,Tatton,RemainRebecca,Pow,Taunton Deane,RemainLucy,Allan,Telford,LeaveLaurence,Robertson,Tewkesbury,LeaveGeoffrey,Clifton-Brown,The Cotswolds,LeaveMark,Pritchard,The Wrekin,RemainKevin,Hollinrake,Thirsk and Malton,RemainLuke,Hall,Thornbury and Yate,RemainJackie,Doyle-Price,Thurrock,RemainNeil,Parish,Tiverton and Honiton,RemainTom,Tugendhat,Tonbridge and Malling,RemainRosena,Allin-Khan,Tooting,RemainKevin,Foster,Torbay,RemainNick,Thomas-Symonds,Torfaen,RemainGeoffrey,Cox,Torridge and West Devon,LeaveSarah,Wollaston,Totnes,RemainDavid,Lammy,Tottenham,RemainSarah,Newton,Truro and Falmouth,RemainGreg,Clark,Tunbridge Wells,RemainTania,Mathias,Twickenham,RemainAlan,Campbell,Tynemouth,RemainDavid,Simpson,Upper Bann,LeaveBoris,Johnson,Uxbridge and South Ruislip,LeaveJames,Davies,Vale of Clwyd,LeaveAlun,Cairns,Vale of Glamorgan,RemainKate,Hoey,Vauxhall,LeaveMary,Creagh,Wakefield,RemainAngela,Eagle,Wallasey,RemainDavid,Winnick,Walsall North,RemainValerie,Vaz,Walsall South,RemainStella,Creasy,Walthamstow,RemainIan,Lavery,Wansbeck,RemainEd,Vaizey,Wantage,RemainJohn,Spellar,Warley,RemainHelen,Jones,Warrington North,RemainDavid,Mowat,Warrington South,RemainChris,White,Warwick and Leamington,RemainSharon,Hodgson,Washington and Sunderland West,RemainRichard,Harrington,Watford,RemainPeter,Aldous,Waveney,RemainNusrat,Ghani,Wealden,LeaveGraham,Evans,Weaver Vale,RemainPeter,Bone,Wellingborough,LeaveJames,Heappey,Wells,RemainGrant,Shapps,Welwyn Hatfield,RemainJohn,Healey,Wentworth and Dearne,RemainStuart Blair,Donaldson,West Aberdeenshire and Kincardine,RemainTom,Watson,West Bromwich East,RemainAdrian,Bailey,West Bromwich West,RemainOliver,Letwin,West Dorset,RemainMartin,Docherty-Hughes,West Dunbartonshire,RemainLyn,Brown,West Ham,RemainRosie,Cooper,West Lancashire,RemainMatthew,Hancock,West Suffolk,RemainPat,Doherty,West Tyrone,RemainHarriett,Baldwin,West Worcestershire,RemainKaren,Buck,Westminster North,RemainTim,Farron,Westmorland and Lonsdale,RemainJohn,Penrose,Weston-Super-Mare,RemainLisa,Nandy,Wigan,RemainStephen,Hammond,Wimbledon,RemainSteve,Brine,Winchester,RemainAdam,Afriyie,Windsor,LeaveAlison,McGovern,Wirral South,RemainMargaret,Greenwood,Wirral West,RemainPriti,Patel,Witham,LeaveDavid,Cameron,Witney,RemainJonathan,Lord,Woking,LeaveJohn,Redwood,Wokingham,LeaveEmma,Reynolds,Wolverhampton North East,RemainPat,McFadden,Wolverhampton South East,RemainRob,Marris,Wolverhampton South West,RemainRobin,Walker,Worcester,RemainSue,Hayman,Workington,RemainBarbara,Keeley,Worsley and Eccles South,RemainPeter,Bottomley,Worthing West,RemainIan C,Lucas,Wrexham,RemainSteve,Baker,Wycombe,LeaveBen,Wallace,Wyre and Preston North,RemainMark,Garnier,Wyre Forest,RemainMike,Kane,Wythenshawe and Sale East,RemainMarcus,Fysh,Yeovil,LeaveAlbert,Owen,Ynys M™n,RemainRachael,Maskell,York Central,RemainJulian,Sturdy,York Outer,Leave